["[{\"Año\":\"2020\",\"Género\":\"Mujeres\",\"Rango_etario\":\"11-Más de 74 años\",\"Cantidad\":-326,\"Porcentaje\":-1.1889},{\"Año\":\"2020\",\"Género\":\"Varones\",\"Rango_etario\":\"11-Más de 74 años\",\"Cantidad\":169,\"Porcentaje\":0.6163},{\"Año\":\"2021\",\"Género\":\"Mujeres\",\"Rango_etario\":\"11-Más de 74 años\",\"Cantidad\":-454,\"Porcentaje\":-1.3185},{\"Año\":\"2021\",\"Género\":\"Varones\",\"Rango_etario\":\"11-Más de 74 años\",\"Cantidad\":221,\"Porcentaje\":0.6418},{\"Año\":\"2022\",\"Género\":\"Mujeres\",\"Rango_etario\":\"11-Más de 74 años\",\"Cantidad\":-454,\"Porcentaje\":-1.3602},{\"Año\":\"2022\",\"Género\":\"Varones\",\"Rango_etario\":\"11-Más de 74 años\",\"Cantidad\":224,\"Porcentaje\":0.6711},{\"Año\":\"2023\",\"Género\":\"Mujeres\",\"Rango_etario\":\"11-Más de 74 años\",\"Cantidad\":-526,\"Porcentaje\":-1.5237},{\"Año\":\"2023\",\"Género\":\"Varones\",\"Rango_etario\":\"11-Más de 74 años\",\"Cantidad\":235,\"Porcentaje\":0.6807},{\"Año\":\"2024\",\"Género\":\"Mujeres\",\"Rango_etario\":\"11-Más de 74 años\",\"Cantidad\":-426,\"Porcentaje\":-1.3846},{\"Año\":\"2024\",\"Género\":\"Varones\",\"Rango_etario\":\"11-Más de 74 años\",\"Cantidad\":204,\"Porcentaje\":0.6631},{\"Año\":\"TODOS\",\"Género\":\"Mujeres\",\"Rango_etario\":\"11-Más de 74 años\",\"Cantidad\":-2186,\"Porcentaje\":-1.3618},{\"Año\":\"TODOS\",\"Género\":\"Varones\",\"Rango_etario\":\"11-Más de 74 años\",\"Cantidad\":1053,\"Porcentaje\":0.656},{\"Año\":\"2020\",\"Género\":\"Mujeres\",\"Rango_etario\":\"10-60-74 años\",\"Cantidad\":-930,\"Porcentaje\":-3.3916},{\"Año\":\"2020\",\"Género\":\"Varones\",\"Rango_etario\":\"10-60-74 años\",\"Cantidad\":490,\"Porcentaje\":1.787},{\"Año\":\"2021\",\"Género\":\"Mujeres\",\"Rango_etario\":\"10-60-74 años\",\"Cantidad\":-1319,\"Porcentaje\":-3.8305},{\"Año\":\"2021\",\"Género\":\"Varones\",\"Rango_etario\":\"10-60-74 años\",\"Cantidad\":686,\"Porcentaje\":1.9922},{\"Año\":\"2022\",\"Género\":\"Mujeres\",\"Rango_etario\":\"10-60-74 años\",\"Cantidad\":-1239,\"Porcentaje\":-3.712},{\"Año\":\"2022\",\"Género\":\"Varones\",\"Rango_etario\":\"10-60-74 años\",\"Cantidad\":616,\"Porcentaje\":1.8455},{\"Año\":\"2023\",\"Género\":\"Mujeres\",\"Rango_etario\":\"10-60-74 años\",\"Cantidad\":-1450,\"Porcentaje\":-4.2003},{\"Año\":\"2023\",\"Género\":\"Varones\",\"Rango_etario\":\"10-60-74 años\",\"Cantidad\":645,\"Porcentaje\":1.8684},{\"Año\":\"2024\",\"Género\":\"Mujeres\",\"Rango_etario\":\"10-60-74 años\",\"Cantidad\":-1373,\"Porcentaje\":-4.4627},{\"Año\":\"2024\",\"Género\":\"Varones\",\"Rango_etario\":\"10-60-74 años\",\"Cantidad\":574,\"Porcentaje\":1.8657},{\"Año\":\"TODOS\",\"Género\":\"Mujeres\",\"Rango_etario\":\"10-60-74 años\",\"Cantidad\":-6311,\"Porcentaje\":-3.9316},{\"Año\":\"TODOS\",\"Género\":\"Varones\",\"Rango_etario\":\"10-60-74 años\",\"Cantidad\":3011,\"Porcentaje\":1.8758},{\"Año\":\"2020\",\"Género\":\"Mujeres\",\"Rango_etario\":\"09-50-59 años\",\"Cantidad\":-1502,\"Porcentaje\":-5.4776},{\"Año\":\"2020\",\"Género\":\"Varones\",\"Rango_etario\":\"09-50-59 años\",\"Cantidad\":646,\"Porcentaje\":2.3559},{\"Año\":\"2021\",\"Género\":\"Mujeres\",\"Rango_etario\":\"09-50-59 años\",\"Cantidad\":-1739,\"Porcentaje\":-5.0502},{\"Año\":\"2021\",\"Género\":\"Varones\",\"Rango_etario\":\"09-50-59 años\",\"Cantidad\":802,\"Porcentaje\":2.3291},{\"Año\":\"2022\",\"Género\":\"Mujeres\",\"Rango_etario\":\"09-50-59 años\",\"Cantidad\":-1746,\"Porcentaje\":-5.231},{\"Año\":\"2022\",\"Género\":\"Varones\",\"Rango_etario\":\"09-50-59 años\",\"Cantidad\":702,\"Porcentaje\":2.1032},{\"Año\":\"2023\",\"Género\":\"Mujeres\",\"Rango_etario\":\"09-50-59 años\",\"Cantidad\":-1977,\"Porcentaje\":-5.7269},{\"Año\":\"2023\",\"Género\":\"Varones\",\"Rango_etario\":\"09-50-59 años\",\"Cantidad\":624,\"Porcentaje\":1.8076},{\"Año\":\"2024\",\"Género\":\"Mujeres\",\"Rango_etario\":\"09-50-59 años\",\"Cantidad\":-1837,\"Porcentaje\":-5.9709},{\"Año\":\"2024\",\"Género\":\"Varones\",\"Rango_etario\":\"09-50-59 años\",\"Cantidad\":762,\"Porcentaje\":2.4768},{\"Año\":\"TODOS\",\"Género\":\"Mujeres\",\"Rango_etario\":\"09-50-59 años\",\"Cantidad\":-8801,\"Porcentaje\":-5.4828},{\"Año\":\"TODOS\",\"Género\":\"Varones\",\"Rango_etario\":\"09-50-59 años\",\"Cantidad\":3536,\"Porcentaje\":2.2028},{\"Año\":\"2020\",\"Género\":\"Mujeres\",\"Rango_etario\":\"08-40-49 años\",\"Cantidad\":-3108,\"Porcentaje\":-11.3344},{\"Año\":\"2020\",\"Género\":\"Varones\",\"Rango_etario\":\"08-40-49 años\",\"Cantidad\":1033,\"Porcentaje\":3.7672},{\"Año\":\"2021\",\"Género\":\"Mujeres\",\"Rango_etario\":\"08-40-49 años\",\"Cantidad\":-3905,\"Porcentaje\":-11.3405},{\"Año\":\"2021\",\"Género\":\"Varones\",\"Rango_etario\":\"08-40-49 años\",\"Cantidad\":1421,\"Porcentaje\":4.1267},{\"Año\":\"2022\",\"Género\":\"Mujeres\",\"Rango_etario\":\"08-40-49 años\",\"Cantidad\":-3978,\"Porcentaje\":-11.918},{\"Año\":\"2022\",\"Género\":\"Varones\",\"Rango_etario\":\"08-40-49 años\",\"Cantidad\":1330,\"Porcentaje\":3.9847},{\"Año\":\"2023\",\"Género\":\"Mujeres\",\"Rango_etario\":\"08-40-49 años\",\"Cantidad\":-3949,\"Porcentaje\":-11.4394},{\"Año\":\"2023\",\"Género\":\"Varones\",\"Rango_etario\":\"08-40-49 años\",\"Cantidad\":1235,\"Porcentaje\":3.5775},{\"Año\":\"2024\",\"Género\":\"Mujeres\",\"Rango_etario\":\"08-40-49 años\",\"Cantidad\":-3665,\"Porcentaje\":-11.9125},{\"Año\":\"2024\",\"Género\":\"Varones\",\"Rango_etario\":\"08-40-49 años\",\"Cantidad\":1415,\"Porcentaje\":4.5992},{\"Año\":\"TODOS\",\"Género\":\"Mujeres\",\"Rango_etario\":\"08-40-49 años\",\"Cantidad\":-18605,\"Porcentaje\":-11.5905},{\"Año\":\"TODOS\",\"Género\":\"Varones\",\"Rango_etario\":\"08-40-49 años\",\"Cantidad\":6434,\"Porcentaje\":4.0082},{\"Año\":\"2020\",\"Género\":\"Mujeres\",\"Rango_etario\":\"07-30-39 años\",\"Cantidad\":-4797,\"Porcentaje\":-17.4939},{\"Año\":\"2020\",\"Género\":\"Varones\",\"Rango_etario\":\"07-30-39 años\",\"Cantidad\":1519,\"Porcentaje\":5.5395},{\"Año\":\"2021\",\"Género\":\"Mujeres\",\"Rango_etario\":\"07-30-39 años\",\"Cantidad\":-6023,\"Porcentaje\":-17.4914},{\"Año\":\"2021\",\"Género\":\"Varones\",\"Rango_etario\":\"07-30-39 años\",\"Cantidad\":2084,\"Porcentaje\":6.0522},{\"Año\":\"2022\",\"Género\":\"Mujeres\",\"Rango_etario\":\"07-30-39 años\",\"Cantidad\":-5871,\"Porcentaje\":-17.5894},{\"Año\":\"2022\",\"Género\":\"Varones\",\"Rango_etario\":\"07-30-39 años\",\"Cantidad\":1787,\"Porcentaje\":5.3538},{\"Año\":\"2023\",\"Género\":\"Mujeres\",\"Rango_etario\":\"07-30-39 años\",\"Cantidad\":-6178,\"Porcentaje\":-17.8964},{\"Año\":\"2023\",\"Género\":\"Varones\",\"Rango_etario\":\"07-30-39 años\",\"Cantidad\":1811,\"Porcentaje\":5.2461},{\"Año\":\"2024\",\"Género\":\"Mujeres\",\"Rango_etario\":\"07-30-39 años\",\"Cantidad\":-5437,\"Porcentaje\":-17.6721},{\"Año\":\"2024\",\"Género\":\"Varones\",\"Rango_etario\":\"07-30-39 años\",\"Cantidad\":1995,\"Porcentaje\":6.4844},{\"Año\":\"TODOS\",\"Género\":\"Mujeres\",\"Rango_etario\":\"07-30-39 años\",\"Cantidad\":-28306,\"Porcentaje\":-17.6339},{\"Año\":\"TODOS\",\"Género\":\"Varones\",\"Rango_etario\":\"07-30-39 años\",\"Cantidad\":9196,\"Porcentaje\":5.7289},{\"Año\":\"2020\",\"Género\":\"Mujeres\",\"Rango_etario\":\"06-22-29 años\",\"Cantidad\":-4960,\"Porcentaje\":-18.0883},{\"Año\":\"2020\",\"Género\":\"Varones\",\"Rango_etario\":\"06-22-29 años\",\"Cantidad\":1219,\"Porcentaje\":4.4455},{\"Año\":\"2021\",\"Género\":\"Mujeres\",\"Rango_etario\":\"06-22-29 años\",\"Cantidad\":-6109,\"Porcentaje\":-17.7412},{\"Año\":\"2021\",\"Género\":\"Varones\",\"Rango_etario\":\"06-22-29 años\",\"Cantidad\":1451,\"Porcentaje\":4.2139},{\"Año\":\"2022\",\"Género\":\"Mujeres\",\"Rango_etario\":\"06-22-29 años\",\"Cantidad\":-5947,\"Porcentaje\":-17.8171},{\"Año\":\"2022\",\"Género\":\"Varones\",\"Rango_etario\":\"06-22-29 años\",\"Cantidad\":1323,\"Porcentaje\":3.9637},{\"Año\":\"2023\",\"Género\":\"Mujeres\",\"Rango_etario\":\"06-22-29 años\",\"Cantidad\":-6059,\"Porcentaje\":-17.5516},{\"Año\":\"2023\",\"Género\":\"Varones\",\"Rango_etario\":\"06-22-29 años\",\"Cantidad\":1308,\"Porcentaje\":3.789},{\"Año\":\"2024\",\"Género\":\"Mujeres\",\"Rango_etario\":\"06-22-29 años\",\"Cantidad\":-4951,\"Porcentaje\":-16.0924},{\"Año\":\"2024\",\"Género\":\"Varones\",\"Rango_etario\":\"06-22-29 años\",\"Cantidad\":1405,\"Porcentaje\":4.5667},{\"Año\":\"TODOS\",\"Género\":\"Mujeres\",\"Rango_etario\":\"06-22-29 años\",\"Cantidad\":-28026,\"Porcentaje\":-17.4595},{\"Año\":\"TODOS\",\"Género\":\"Varones\",\"Rango_etario\":\"06-22-29 años\",\"Cantidad\":6706,\"Porcentaje\":4.1777},{\"Año\":\"2020\",\"Género\":\"Mujeres\",\"Rango_etario\":\"05-18-21 años\",\"Cantidad\":-2061,\"Porcentaje\":-7.5161},{\"Año\":\"2020\",\"Género\":\"Varones\",\"Rango_etario\":\"05-18-21 años\",\"Cantidad\":406,\"Porcentaje\":1.4806},{\"Año\":\"2021\",\"Género\":\"Mujeres\",\"Rango_etario\":\"05-18-21 años\",\"Cantidad\":-2272,\"Porcentaje\":-6.5981},{\"Año\":\"2021\",\"Género\":\"Varones\",\"Rango_etario\":\"05-18-21 años\",\"Cantidad\":414,\"Porcentaje\":1.2023},{\"Año\":\"2022\",\"Género\":\"Mujeres\",\"Rango_etario\":\"05-18-21 años\",\"Cantidad\":-1977,\"Porcentaje\":-5.9231},{\"Año\":\"2022\",\"Género\":\"Varones\",\"Rango_etario\":\"05-18-21 años\",\"Cantidad\":303,\"Porcentaje\":0.9078},{\"Año\":\"2023\",\"Género\":\"Mujeres\",\"Rango_etario\":\"05-18-21 años\",\"Cantidad\":-1956,\"Porcentaje\":-5.6661},{\"Año\":\"2023\",\"Género\":\"Varones\",\"Rango_etario\":\"05-18-21 años\",\"Cantidad\":353,\"Porcentaje\":1.0226},{\"Año\":\"2024\",\"Género\":\"Mujeres\",\"Rango_etario\":\"05-18-21 años\",\"Cantidad\":-1612,\"Porcentaje\":-5.2396},{\"Año\":\"2024\",\"Género\":\"Varones\",\"Rango_etario\":\"05-18-21 años\",\"Cantidad\":291,\"Porcentaje\":0.9458},{\"Año\":\"TODOS\",\"Género\":\"Mujeres\",\"Rango_etario\":\"05-18-21 años\",\"Cantidad\":-9878,\"Porcentaje\":-6.1538},{\"Año\":\"TODOS\",\"Género\":\"Varones\",\"Rango_etario\":\"05-18-21 años\",\"Cantidad\":1767,\"Porcentaje\":1.1008},{\"Año\":\"2020\",\"Género\":\"Mujeres\",\"Rango_etario\":\"04-15-17 años\",\"Cantidad\":-1651,\"Porcentaje\":-6.0209},{\"Año\":\"2020\",\"Género\":\"Varones\",\"Rango_etario\":\"04-15-17 años\",\"Cantidad\":1108,\"Porcentaje\":4.0407},{\"Año\":\"2021\",\"Género\":\"Mujeres\",\"Rango_etario\":\"04-15-17 años\",\"Cantidad\":-887,\"Porcentaje\":-2.5759},{\"Año\":\"2021\",\"Género\":\"Varones\",\"Rango_etario\":\"04-15-17 años\",\"Cantidad\":306,\"Porcentaje\":0.8887},{\"Año\":\"2022\",\"Género\":\"Mujeres\",\"Rango_etario\":\"04-15-17 años\",\"Cantidad\":-857,\"Porcentaje\":-2.5676},{\"Año\":\"2022\",\"Género\":\"Varones\",\"Rango_etario\":\"04-15-17 años\",\"Cantidad\":282,\"Porcentaje\":0.8449},{\"Año\":\"2023\",\"Género\":\"Mujeres\",\"Rango_etario\":\"04-15-17 años\",\"Cantidad\":-869,\"Porcentaje\":-2.5173},{\"Año\":\"2023\",\"Género\":\"Varones\",\"Rango_etario\":\"04-15-17 años\",\"Cantidad\":346,\"Porcentaje\":1.0023},{\"Año\":\"2024\",\"Género\":\"Mujeres\",\"Rango_etario\":\"04-15-17 años\",\"Cantidad\":-732,\"Porcentaje\":-2.3792},{\"Año\":\"2024\",\"Género\":\"Varones\",\"Rango_etario\":\"04-15-17 años\",\"Cantidad\":268,\"Porcentaje\":0.8711},{\"Año\":\"TODOS\",\"Género\":\"Mujeres\",\"Rango_etario\":\"04-15-17 años\",\"Cantidad\":-4996,\"Porcentaje\":-3.1124},{\"Año\":\"TODOS\",\"Género\":\"Varones\",\"Rango_etario\":\"04-15-17 años\",\"Cantidad\":2310,\"Porcentaje\":1.4391},{\"Año\":\"2020\",\"Género\":\"Mujeres\",\"Rango_etario\":\"03-11-14 años\",\"Cantidad\":-278,\"Porcentaje\":-1.0138},{\"Año\":\"2020\",\"Género\":\"Varones\",\"Rango_etario\":\"03-11-14 años\",\"Cantidad\":181,\"Porcentaje\":0.6601},{\"Año\":\"2021\",\"Género\":\"Mujeres\",\"Rango_etario\":\"03-11-14 años\",\"Cantidad\":-776,\"Porcentaje\":-2.2536},{\"Año\":\"2021\",\"Género\":\"Varones\",\"Rango_etario\":\"03-11-14 años\",\"Cantidad\":482,\"Porcentaje\":1.3998},{\"Año\":\"2022\",\"Género\":\"Mujeres\",\"Rango_etario\":\"03-11-14 años\",\"Cantidad\":-951,\"Porcentaje\":-2.8492},{\"Año\":\"2022\",\"Género\":\"Varones\",\"Rango_etario\":\"03-11-14 años\",\"Cantidad\":554,\"Porcentaje\":1.6598},{\"Año\":\"2023\",\"Género\":\"Mujeres\",\"Rango_etario\":\"03-11-14 años\",\"Cantidad\":-993,\"Porcentaje\":-2.8765},{\"Año\":\"2023\",\"Género\":\"Varones\",\"Rango_etario\":\"03-11-14 años\",\"Cantidad\":613,\"Porcentaje\":1.7757},{\"Año\":\"2024\",\"Género\":\"Mujeres\",\"Rango_etario\":\"03-11-14 años\",\"Cantidad\":-819,\"Porcentaje\":-2.662},{\"Año\":\"2024\",\"Género\":\"Varones\",\"Rango_etario\":\"03-11-14 años\",\"Cantidad\":458,\"Porcentaje\":1.4887},{\"Año\":\"TODOS\",\"Género\":\"Mujeres\",\"Rango_etario\":\"03-11-14 años\",\"Cantidad\":-3817,\"Porcentaje\":-2.3779},{\"Año\":\"TODOS\",\"Género\":\"Varones\",\"Rango_etario\":\"03-11-14 años\",\"Cantidad\":2288,\"Porcentaje\":1.4254},{\"Año\":\"2020\",\"Género\":\"Mujeres\",\"Rango_etario\":\"02-6-10 años\",\"Cantidad\":-285,\"Porcentaje\":-1.0393},{\"Año\":\"2020\",\"Género\":\"Varones\",\"Rango_etario\":\"02-6-10 años\",\"Cantidad\":235,\"Porcentaje\":0.857},{\"Año\":\"2021\",\"Género\":\"Mujeres\",\"Rango_etario\":\"02-6-10 años\",\"Cantidad\":-879,\"Porcentaje\":-2.5527},{\"Año\":\"2021\",\"Género\":\"Varones\",\"Rango_etario\":\"02-6-10 años\",\"Cantidad\":801,\"Porcentaje\":2.3262},{\"Año\":\"2022\",\"Género\":\"Mujeres\",\"Rango_etario\":\"02-6-10 años\",\"Cantidad\":-1044,\"Porcentaje\":-3.1278},{\"Año\":\"2022\",\"Género\":\"Varones\",\"Rango_etario\":\"02-6-10 años\",\"Cantidad\":832,\"Porcentaje\":2.4927},{\"Año\":\"2023\",\"Género\":\"Mujeres\",\"Rango_etario\":\"02-6-10 años\",\"Cantidad\":-989,\"Porcentaje\":-2.8649},{\"Año\":\"2023\",\"Género\":\"Varones\",\"Rango_etario\":\"02-6-10 años\",\"Cantidad\":917,\"Porcentaje\":2.6564},{\"Año\":\"2024\",\"Género\":\"Mujeres\",\"Rango_etario\":\"02-6-10 años\",\"Cantidad\":-767,\"Porcentaje\":-2.493},{\"Año\":\"2024\",\"Género\":\"Varones\",\"Rango_etario\":\"02-6-10 años\",\"Cantidad\":728,\"Porcentaje\":2.3662},{\"Año\":\"TODOS\",\"Género\":\"Mujeres\",\"Rango_etario\":\"02-6-10 años\",\"Cantidad\":-3964,\"Porcentaje\":-2.4695},{\"Año\":\"TODOS\",\"Género\":\"Varones\",\"Rango_etario\":\"02-6-10 años\",\"Cantidad\":3513,\"Porcentaje\":2.1885},{\"Año\":\"2020\",\"Género\":\"Mujeres\",\"Rango_etario\":\"01-0-5 años\",\"Cantidad\":-278,\"Porcentaje\":-1.0138},{\"Año\":\"2020\",\"Género\":\"Varones\",\"Rango_etario\":\"01-0-5 años\",\"Cantidad\":239,\"Porcentaje\":0.8716},{\"Año\":\"2021\",\"Género\":\"Mujeres\",\"Rango_etario\":\"01-0-5 años\",\"Cantidad\":-711,\"Porcentaje\":-2.0648},{\"Año\":\"2021\",\"Género\":\"Varones\",\"Rango_etario\":\"01-0-5 años\",\"Cantidad\":692,\"Porcentaje\":2.0096},{\"Año\":\"2022\",\"Género\":\"Mujeres\",\"Rango_etario\":\"01-0-5 años\",\"Cantidad\":-717,\"Porcentaje\":-2.1481},{\"Año\":\"2022\",\"Género\":\"Varones\",\"Rango_etario\":\"01-0-5 años\",\"Cantidad\":644,\"Porcentaje\":1.9294},{\"Año\":\"2023\",\"Género\":\"Mujeres\",\"Rango_etario\":\"01-0-5 años\",\"Cantidad\":-748,\"Porcentaje\":-2.1668},{\"Año\":\"2023\",\"Género\":\"Varones\",\"Rango_etario\":\"01-0-5 años\",\"Cantidad\":740,\"Porcentaje\":2.1436},{\"Año\":\"2024\",\"Género\":\"Mujeres\",\"Rango_etario\":\"01-0-5 años\",\"Cantidad\":-532,\"Porcentaje\":-1.7292},{\"Año\":\"2024\",\"Género\":\"Varones\",\"Rango_etario\":\"01-0-5 años\",\"Cantidad\":515,\"Porcentaje\":1.6739},{\"Año\":\"TODOS\",\"Género\":\"Mujeres\",\"Rango_etario\":\"01-0-5 años\",\"Cantidad\":-2986,\"Porcentaje\":-1.8602},{\"Año\":\"TODOS\",\"Género\":\"Varones\",\"Rango_etario\":\"01-0-5 años\",\"Cantidad\":2830,\"Porcentaje\":1.763}]"]
