["[{\"Año\":2020,\"Distrito\":\"Centro\",\"Trimestre\":1,\"Cantidad\":3705,\"year_trimestre\":\"1-20\"},{\"Año\":2020,\"Distrito\":\"Centro\",\"Trimestre\":2,\"Cantidad\":3738,\"year_trimestre\":\"2-20\"},{\"Año\":2020,\"Distrito\":\"Centro\",\"Trimestre\":3,\"Cantidad\":3351,\"year_trimestre\":\"3-20\"},{\"Año\":2020,\"Distrito\":\"Centro\",\"Trimestre\":4,\"Cantidad\":4599,\"year_trimestre\":\"4-20\"},{\"Año\":2020,\"Distrito\":\"Norte-Orán\",\"Trimestre\":1,\"Cantidad\":675,\"year_trimestre\":\"1-20\"},{\"Año\":2020,\"Distrito\":\"Norte-Orán\",\"Trimestre\":2,\"Cantidad\":329,\"year_trimestre\":\"2-20\"},{\"Año\":2020,\"Distrito\":\"Norte-Orán\",\"Trimestre\":3,\"Cantidad\":410,\"year_trimestre\":\"3-20\"},{\"Año\":2020,\"Distrito\":\"Norte-Orán\",\"Trimestre\":4,\"Cantidad\":564,\"year_trimestre\":\"4-20\"},{\"Año\":2020,\"Distrito\":\"Norte-Tartagal\",\"Trimestre\":1,\"Cantidad\":730,\"year_trimestre\":\"1-20\"},{\"Año\":2020,\"Distrito\":\"Norte-Tartagal\",\"Trimestre\":2,\"Cantidad\":751,\"year_trimestre\":\"2-20\"},{\"Año\":2020,\"Distrito\":\"Norte-Tartagal\",\"Trimestre\":3,\"Cantidad\":639,\"year_trimestre\":\"3-20\"},{\"Año\":2020,\"Distrito\":\"Norte-Tartagal\",\"Trimestre\":4,\"Cantidad\":935,\"year_trimestre\":\"4-20\"},{\"Año\":2020,\"Distrito\":\"Sur-Metán\",\"Trimestre\":1,\"Cantidad\":433,\"year_trimestre\":\"1-20\"},{\"Año\":2020,\"Distrito\":\"Sur-Metán\",\"Trimestre\":2,\"Cantidad\":362,\"year_trimestre\":\"2-20\"},{\"Año\":2020,\"Distrito\":\"Sur-Metán\",\"Trimestre\":3,\"Cantidad\":314,\"year_trimestre\":\"3-20\"},{\"Año\":2020,\"Distrito\":\"Sur-Metán\",\"Trimestre\":4,\"Cantidad\":402,\"year_trimestre\":\"4-20\"},{\"Año\":2021,\"Distrito\":\"Centro\",\"Trimestre\":1,\"Cantidad\":4741,\"year_trimestre\":\"1-21\"},{\"Año\":2021,\"Distrito\":\"Centro\",\"Trimestre\":2,\"Cantidad\":3827,\"year_trimestre\":\"2-21\"},{\"Año\":2021,\"Distrito\":\"Centro\",\"Trimestre\":3,\"Cantidad\":4362,\"year_trimestre\":\"3-21\"},{\"Año\":2021,\"Distrito\":\"Centro\",\"Trimestre\":4,\"Cantidad\":5359,\"year_trimestre\":\"4-21\"},{\"Año\":2021,\"Distrito\":\"Norte-Orán\",\"Trimestre\":1,\"Cantidad\":743,\"year_trimestre\":\"1-21\"},{\"Año\":2021,\"Distrito\":\"Norte-Orán\",\"Trimestre\":2,\"Cantidad\":532,\"year_trimestre\":\"2-21\"},{\"Año\":2021,\"Distrito\":\"Norte-Orán\",\"Trimestre\":3,\"Cantidad\":557,\"year_trimestre\":\"3-21\"},{\"Año\":2021,\"Distrito\":\"Norte-Orán\",\"Trimestre\":4,\"Cantidad\":747,\"year_trimestre\":\"4-21\"},{\"Año\":2021,\"Distrito\":\"Norte-Tartagal\",\"Trimestre\":1,\"Cantidad\":853,\"year_trimestre\":\"1-21\"},{\"Año\":2021,\"Distrito\":\"Norte-Tartagal\",\"Trimestre\":2,\"Cantidad\":786,\"year_trimestre\":\"2-21\"},{\"Año\":2021,\"Distrito\":\"Norte-Tartagal\",\"Trimestre\":3,\"Cantidad\":891,\"year_trimestre\":\"3-21\"},{\"Año\":2021,\"Distrito\":\"Norte-Tartagal\",\"Trimestre\":4,\"Cantidad\":1060,\"year_trimestre\":\"4-21\"},{\"Año\":2021,\"Distrito\":\"Sur-Anta\",\"Trimestre\":3,\"Cantidad\":123,\"year_trimestre\":\"3-21\"},{\"Año\":2021,\"Distrito\":\"Sur-Anta\",\"Trimestre\":4,\"Cantidad\":145,\"year_trimestre\":\"4-21\"},{\"Año\":2021,\"Distrito\":\"Sur-Metán\",\"Trimestre\":1,\"Cantidad\":473,\"year_trimestre\":\"1-21\"},{\"Año\":2021,\"Distrito\":\"Sur-Metán\",\"Trimestre\":2,\"Cantidad\":385,\"year_trimestre\":\"2-21\"},{\"Año\":2021,\"Distrito\":\"Sur-Metán\",\"Trimestre\":3,\"Cantidad\":415,\"year_trimestre\":\"3-21\"},{\"Año\":2021,\"Distrito\":\"Sur-Metán\",\"Trimestre\":4,\"Cantidad\":493,\"year_trimestre\":\"4-21\"},{\"Año\":2022,\"Distrito\":\"Centro\",\"Trimestre\":1,\"Cantidad\":4531,\"year_trimestre\":\"1-22\"},{\"Año\":2022,\"Distrito\":\"Centro\",\"Trimestre\":2,\"Cantidad\":3902,\"year_trimestre\":\"2-22\"},{\"Año\":2022,\"Distrito\":\"Centro\",\"Trimestre\":3,\"Cantidad\":3830,\"year_trimestre\":\"3-22\"},{\"Año\":2022,\"Distrito\":\"Centro\",\"Trimestre\":4,\"Cantidad\":4264,\"year_trimestre\":\"4-22\"},{\"Año\":2022,\"Distrito\":\"Norte-Orán\",\"Trimestre\":1,\"Cantidad\":706,\"year_trimestre\":\"1-22\"},{\"Año\":2022,\"Distrito\":\"Norte-Orán\",\"Trimestre\":2,\"Cantidad\":763,\"year_trimestre\":\"2-22\"},{\"Año\":2022,\"Distrito\":\"Norte-Orán\",\"Trimestre\":3,\"Cantidad\":843,\"year_trimestre\":\"3-22\"},{\"Año\":2022,\"Distrito\":\"Norte-Orán\",\"Trimestre\":4,\"Cantidad\":762,\"year_trimestre\":\"4-22\"},{\"Año\":2022,\"Distrito\":\"Norte-Tartagal\",\"Trimestre\":1,\"Cantidad\":950,\"year_trimestre\":\"1-22\"},{\"Año\":2022,\"Distrito\":\"Norte-Tartagal\",\"Trimestre\":2,\"Cantidad\":919,\"year_trimestre\":\"2-22\"},{\"Año\":2022,\"Distrito\":\"Norte-Tartagal\",\"Trimestre\":3,\"Cantidad\":830,\"year_trimestre\":\"3-22\"},{\"Año\":2022,\"Distrito\":\"Norte-Tartagal\",\"Trimestre\":4,\"Cantidad\":1040,\"year_trimestre\":\"4-22\"},{\"Año\":2022,\"Distrito\":\"Sur-Anta\",\"Trimestre\":1,\"Cantidad\":165,\"year_trimestre\":\"1-22\"},{\"Año\":2022,\"Distrito\":\"Sur-Anta\",\"Trimestre\":2,\"Cantidad\":155,\"year_trimestre\":\"2-22\"},{\"Año\":2022,\"Distrito\":\"Sur-Anta\",\"Trimestre\":3,\"Cantidad\":186,\"year_trimestre\":\"3-22\"},{\"Año\":2022,\"Distrito\":\"Sur-Anta\",\"Trimestre\":4,\"Cantidad\":185,\"year_trimestre\":\"4-22\"},{\"Año\":2022,\"Distrito\":\"Sur-Metán\",\"Trimestre\":1,\"Cantidad\":443,\"year_trimestre\":\"1-22\"},{\"Año\":2022,\"Distrito\":\"Sur-Metán\",\"Trimestre\":2,\"Cantidad\":414,\"year_trimestre\":\"2-22\"},{\"Año\":2022,\"Distrito\":\"Sur-Metán\",\"Trimestre\":3,\"Cantidad\":416,\"year_trimestre\":\"3-22\"},{\"Año\":2022,\"Distrito\":\"Sur-Metán\",\"Trimestre\":4,\"Cantidad\":444,\"year_trimestre\":\"4-22\"},{\"Año\":2023,\"Distrito\":\"Centro\",\"Trimestre\":1,\"Cantidad\":4299,\"year_trimestre\":\"1-23\"},{\"Año\":2023,\"Distrito\":\"Centro\",\"Trimestre\":2,\"Cantidad\":4139,\"year_trimestre\":\"2-23\"},{\"Año\":2023,\"Distrito\":\"Centro\",\"Trimestre\":3,\"Cantidad\":4128,\"year_trimestre\":\"3-23\"},{\"Año\":2023,\"Distrito\":\"Centro\",\"Trimestre\":4,\"Cantidad\":5094,\"year_trimestre\":\"4-23\"},{\"Año\":2023,\"Distrito\":\"Norte-Orán\",\"Trimestre\":1,\"Cantidad\":771,\"year_trimestre\":\"1-23\"},{\"Año\":2023,\"Distrito\":\"Norte-Orán\",\"Trimestre\":2,\"Cantidad\":666,\"year_trimestre\":\"2-23\"},{\"Año\":2023,\"Distrito\":\"Norte-Orán\",\"Trimestre\":3,\"Cantidad\":712,\"year_trimestre\":\"3-23\"},{\"Año\":2023,\"Distrito\":\"Norte-Orán\",\"Trimestre\":4,\"Cantidad\":834,\"year_trimestre\":\"4-23\"},{\"Año\":2023,\"Distrito\":\"Norte-Tartagal\",\"Trimestre\":1,\"Cantidad\":915,\"year_trimestre\":\"1-23\"},{\"Año\":2023,\"Distrito\":\"Norte-Tartagal\",\"Trimestre\":2,\"Cantidad\":786,\"year_trimestre\":\"2-23\"},{\"Año\":2023,\"Distrito\":\"Norte-Tartagal\",\"Trimestre\":3,\"Cantidad\":823,\"year_trimestre\":\"3-23\"},{\"Año\":2023,\"Distrito\":\"Norte-Tartagal\",\"Trimestre\":4,\"Cantidad\":842,\"year_trimestre\":\"4-23\"},{\"Año\":2023,\"Distrito\":\"Sur-Anta\",\"Trimestre\":1,\"Cantidad\":169,\"year_trimestre\":\"1-23\"},{\"Año\":2023,\"Distrito\":\"Sur-Anta\",\"Trimestre\":2,\"Cantidad\":136,\"year_trimestre\":\"2-23\"},{\"Año\":2023,\"Distrito\":\"Sur-Anta\",\"Trimestre\":3,\"Cantidad\":184,\"year_trimestre\":\"3-23\"},{\"Año\":2023,\"Distrito\":\"Sur-Anta\",\"Trimestre\":4,\"Cantidad\":354,\"year_trimestre\":\"4-23\"},{\"Año\":2023,\"Distrito\":\"Sur-Metán\",\"Trimestre\":1,\"Cantidad\":502,\"year_trimestre\":\"1-23\"},{\"Año\":2023,\"Distrito\":\"Sur-Metán\",\"Trimestre\":2,\"Cantidad\":405,\"year_trimestre\":\"2-23\"},{\"Año\":2023,\"Distrito\":\"Sur-Metán\",\"Trimestre\":3,\"Cantidad\":415,\"year_trimestre\":\"3-23\"},{\"Año\":2023,\"Distrito\":\"Sur-Metán\",\"Trimestre\":4,\"Cantidad\":560,\"year_trimestre\":\"4-23\"},{\"Año\":2024,\"Distrito\":\"Centro\",\"Trimestre\":1,\"Cantidad\":5051,\"year_trimestre\":\"1-24\"},{\"Año\":2024,\"Distrito\":\"Centro\",\"Trimestre\":2,\"Cantidad\":4400,\"year_trimestre\":\"2-24\"},{\"Año\":2024,\"Distrito\":\"Centro\",\"Trimestre\":3,\"Cantidad\":4478,\"year_trimestre\":\"3-24\"},{\"Año\":2024,\"Distrito\":\"Norte-Orán\",\"Trimestre\":1,\"Cantidad\":887,\"year_trimestre\":\"1-24\"},{\"Año\":2024,\"Distrito\":\"Norte-Orán\",\"Trimestre\":2,\"Cantidad\":748,\"year_trimestre\":\"2-24\"},{\"Año\":2024,\"Distrito\":\"Norte-Orán\",\"Trimestre\":3,\"Cantidad\":752,\"year_trimestre\":\"3-24\"},{\"Año\":2024,\"Distrito\":\"Norte-Tartagal\",\"Trimestre\":1,\"Cantidad\":1038,\"year_trimestre\":\"1-24\"},{\"Año\":2024,\"Distrito\":\"Norte-Tartagal\",\"Trimestre\":2,\"Cantidad\":951,\"year_trimestre\":\"2-24\"},{\"Año\":2024,\"Distrito\":\"Norte-Tartagal\",\"Trimestre\":3,\"Cantidad\":1022,\"year_trimestre\":\"3-24\"},{\"Año\":2024,\"Distrito\":\"Sur-Anta\",\"Trimestre\":1,\"Cantidad\":352,\"year_trimestre\":\"1-24\"},{\"Año\":2024,\"Distrito\":\"Sur-Anta\",\"Trimestre\":2,\"Cantidad\":276,\"year_trimestre\":\"2-24\"},{\"Año\":2024,\"Distrito\":\"Sur-Anta\",\"Trimestre\":3,\"Cantidad\":252,\"year_trimestre\":\"3-24\"},{\"Año\":2024,\"Distrito\":\"Sur-Metán\",\"Trimestre\":1,\"Cantidad\":487,\"year_trimestre\":\"1-24\"},{\"Año\":2024,\"Distrito\":\"Sur-Metán\",\"Trimestre\":2,\"Cantidad\":401,\"year_trimestre\":\"2-24\"},{\"Año\":2024,\"Distrito\":\"Sur-Metán\",\"Trimestre\":3,\"Cantidad\":405,\"year_trimestre\":\"3-24\"},{\"Año\":2020,\"Distrito\":\"TODOS\",\"Trimestre\":1,\"Cantidad\":5543,\"year_trimestre\":\"1-20\"},{\"Año\":2020,\"Distrito\":\"TODOS\",\"Trimestre\":2,\"Cantidad\":5180,\"year_trimestre\":\"2-20\"},{\"Año\":2020,\"Distrito\":\"TODOS\",\"Trimestre\":3,\"Cantidad\":4714,\"year_trimestre\":\"3-20\"},{\"Año\":2020,\"Distrito\":\"TODOS\",\"Trimestre\":4,\"Cantidad\":6500,\"year_trimestre\":\"4-20\"},{\"Año\":2021,\"Distrito\":\"TODOS\",\"Trimestre\":1,\"Cantidad\":6810,\"year_trimestre\":\"1-21\"},{\"Año\":2021,\"Distrito\":\"TODOS\",\"Trimestre\":2,\"Cantidad\":5530,\"year_trimestre\":\"2-21\"},{\"Año\":2021,\"Distrito\":\"TODOS\",\"Trimestre\":3,\"Cantidad\":6348,\"year_trimestre\":\"3-21\"},{\"Año\":2021,\"Distrito\":\"TODOS\",\"Trimestre\":4,\"Cantidad\":7804,\"year_trimestre\":\"4-21\"},{\"Año\":2022,\"Distrito\":\"TODOS\",\"Trimestre\":1,\"Cantidad\":6795,\"year_trimestre\":\"1-22\"},{\"Año\":2022,\"Distrito\":\"TODOS\",\"Trimestre\":2,\"Cantidad\":6153,\"year_trimestre\":\"2-22\"},{\"Año\":2022,\"Distrito\":\"TODOS\",\"Trimestre\":3,\"Cantidad\":6105,\"year_trimestre\":\"3-22\"},{\"Año\":2022,\"Distrito\":\"TODOS\",\"Trimestre\":4,\"Cantidad\":6695,\"year_trimestre\":\"4-22\"},{\"Año\":2023,\"Distrito\":\"TODOS\",\"Trimestre\":1,\"Cantidad\":6656,\"year_trimestre\":\"1-23\"},{\"Año\":2023,\"Distrito\":\"TODOS\",\"Trimestre\":2,\"Cantidad\":6132,\"year_trimestre\":\"2-23\"},{\"Año\":2023,\"Distrito\":\"TODOS\",\"Trimestre\":3,\"Cantidad\":6262,\"year_trimestre\":\"3-23\"},{\"Año\":2023,\"Distrito\":\"TODOS\",\"Trimestre\":4,\"Cantidad\":7684,\"year_trimestre\":\"4-23\"},{\"Año\":2024,\"Distrito\":\"TODOS\",\"Trimestre\":1,\"Cantidad\":7815,\"year_trimestre\":\"1-24\"},{\"Año\":2024,\"Distrito\":\"TODOS\",\"Trimestre\":2,\"Cantidad\":6776,\"year_trimestre\":\"2-24\"},{\"Año\":2024,\"Distrito\":\"TODOS\",\"Trimestre\":3,\"Cantidad\":6909,\"year_trimestre\":\"3-24\"}]"]
