["[{\"Año\":\"2020\",\"Género\":\"Mujeres\",\"Rango_etario\":\"08-Más de 74 años\",\"Cantidad\":-63,\"Porcentaje\":-0.3219},{\"Año\":\"2020\",\"Género\":\"Varones\",\"Rango_etario\":\"08-Más de 74 años\",\"Cantidad\":135,\"Porcentaje\":0.6899},{\"Año\":\"2021\",\"Género\":\"Mujeres\",\"Rango_etario\":\"08-Más de 74 años\",\"Cantidad\":-70,\"Porcentaje\":-0.2872},{\"Año\":\"2021\",\"Género\":\"Varones\",\"Rango_etario\":\"08-Más de 74 años\",\"Cantidad\":122,\"Porcentaje\":0.5005},{\"Año\":\"2022\",\"Género\":\"Mujeres\",\"Rango_etario\":\"08-Más de 74 años\",\"Cantidad\":-49,\"Porcentaje\":-0.1994},{\"Año\":\"2022\",\"Género\":\"Varones\",\"Rango_etario\":\"08-Más de 74 años\",\"Cantidad\":148,\"Porcentaje\":0.6023},{\"Año\":\"2023\",\"Género\":\"Mujeres\",\"Rango_etario\":\"08-Más de 74 años\",\"Cantidad\":-72,\"Porcentaje\":-0.2855},{\"Año\":\"2023\",\"Género\":\"Varones\",\"Rango_etario\":\"08-Más de 74 años\",\"Cantidad\":152,\"Porcentaje\":0.6026},{\"Año\":\"2024\",\"Género\":\"Mujeres\",\"Rango_etario\":\"08-Más de 74 años\",\"Cantidad\":-91,\"Porcentaje\":-0.4419},{\"Año\":\"2024\",\"Género\":\"Varones\",\"Rango_etario\":\"08-Más de 74 años\",\"Cantidad\":267,\"Porcentaje\":1.2965},{\"Año\":\"TODOS\",\"Género\":\"Mujeres\",\"Rango_etario\":\"08-Más de 74 años\",\"Cantidad\":-345,\"Porcentaje\":-0.3018},{\"Año\":\"TODOS\",\"Género\":\"Varones\",\"Rango_etario\":\"08-Más de 74 años\",\"Cantidad\":824,\"Porcentaje\":0.7207},{\"Año\":\"2020\",\"Género\":\"Mujeres\",\"Rango_etario\":\"07-60-74 años\",\"Cantidad\":-187,\"Porcentaje\":-0.9556},{\"Año\":\"2020\",\"Género\":\"Varones\",\"Rango_etario\":\"07-60-74 años\",\"Cantidad\":540,\"Porcentaje\":2.7595},{\"Año\":\"2021\",\"Género\":\"Mujeres\",\"Rango_etario\":\"07-60-74 años\",\"Cantidad\":-292,\"Porcentaje\":-1.1979},{\"Año\":\"2021\",\"Género\":\"Varones\",\"Rango_etario\":\"07-60-74 años\",\"Cantidad\":703,\"Porcentaje\":2.8841},{\"Año\":\"2022\",\"Género\":\"Mujeres\",\"Rango_etario\":\"07-60-74 años\",\"Cantidad\":-293,\"Porcentaje\":-1.1924},{\"Año\":\"2022\",\"Género\":\"Varones\",\"Rango_etario\":\"07-60-74 años\",\"Cantidad\":704,\"Porcentaje\":2.865},{\"Año\":\"2023\",\"Género\":\"Mujeres\",\"Rango_etario\":\"07-60-74 años\",\"Cantidad\":-294,\"Porcentaje\":-1.1656},{\"Año\":\"2023\",\"Género\":\"Varones\",\"Rango_etario\":\"07-60-74 años\",\"Cantidad\":761,\"Porcentaje\":3.0171},{\"Año\":\"2024\",\"Género\":\"Mujeres\",\"Rango_etario\":\"07-60-74 años\",\"Cantidad\":-271,\"Porcentaje\":-1.3159},{\"Año\":\"2024\",\"Género\":\"Varones\",\"Rango_etario\":\"07-60-74 años\",\"Cantidad\":620,\"Porcentaje\":3.0106},{\"Año\":\"TODOS\",\"Género\":\"Mujeres\",\"Rango_etario\":\"07-60-74 años\",\"Cantidad\":-1337,\"Porcentaje\":-1.1694},{\"Año\":\"TODOS\",\"Género\":\"Varones\",\"Rango_etario\":\"07-60-74 años\",\"Cantidad\":3328,\"Porcentaje\":2.9108},{\"Año\":\"2020\",\"Género\":\"Mujeres\",\"Rango_etario\":\"06-50-59 años\",\"Cantidad\":-302,\"Porcentaje\":-1.5433},{\"Año\":\"2020\",\"Género\":\"Varones\",\"Rango_etario\":\"06-50-59 años\",\"Cantidad\":1054,\"Porcentaje\":5.3861},{\"Año\":\"2021\",\"Género\":\"Mujeres\",\"Rango_etario\":\"06-50-59 años\",\"Cantidad\":-505,\"Porcentaje\":-2.0718},{\"Año\":\"2021\",\"Género\":\"Varones\",\"Rango_etario\":\"06-50-59 años\",\"Cantidad\":1333,\"Porcentaje\":5.4687},{\"Año\":\"2022\",\"Género\":\"Mujeres\",\"Rango_etario\":\"06-50-59 años\",\"Cantidad\":-506,\"Porcentaje\":-2.0593},{\"Año\":\"2022\",\"Género\":\"Varones\",\"Rango_etario\":\"06-50-59 años\",\"Cantidad\":1370,\"Porcentaje\":5.5755},{\"Año\":\"2023\",\"Género\":\"Mujeres\",\"Rango_etario\":\"06-50-59 años\",\"Cantidad\":-543,\"Porcentaje\":-2.1528},{\"Año\":\"2023\",\"Género\":\"Varones\",\"Rango_etario\":\"06-50-59 años\",\"Cantidad\":1223,\"Porcentaje\":4.8487},{\"Año\":\"2024\",\"Género\":\"Mujeres\",\"Rango_etario\":\"06-50-59 años\",\"Cantidad\":-473,\"Porcentaje\":-2.2968},{\"Año\":\"2024\",\"Género\":\"Varones\",\"Rango_etario\":\"06-50-59 años\",\"Cantidad\":1082,\"Porcentaje\":5.254},{\"Año\":\"TODOS\",\"Género\":\"Mujeres\",\"Rango_etario\":\"06-50-59 años\",\"Cantidad\":-2329,\"Porcentaje\":-2.037},{\"Año\":\"TODOS\",\"Género\":\"Varones\",\"Rango_etario\":\"06-50-59 años\",\"Cantidad\":6062,\"Porcentaje\":5.3021},{\"Año\":\"2020\",\"Género\":\"Mujeres\",\"Rango_etario\":\"05-40-49 años\",\"Cantidad\":-951,\"Porcentaje\":-4.8597},{\"Año\":\"2020\",\"Género\":\"Varones\",\"Rango_etario\":\"05-40-49 años\",\"Cantidad\":2374,\"Porcentaje\":12.1314},{\"Año\":\"2021\",\"Género\":\"Mujeres\",\"Rango_etario\":\"05-40-49 años\",\"Cantidad\":-1363,\"Porcentaje\":-5.5918},{\"Año\":\"2021\",\"Género\":\"Varones\",\"Rango_etario\":\"05-40-49 años\",\"Cantidad\":3116,\"Porcentaje\":12.7836},{\"Año\":\"2022\",\"Género\":\"Mujeres\",\"Rango_etario\":\"05-40-49 años\",\"Cantidad\":-1421,\"Porcentaje\":-5.783},{\"Año\":\"2022\",\"Género\":\"Varones\",\"Rango_etario\":\"05-40-49 años\",\"Cantidad\":3273,\"Porcentaje\":13.32},{\"Año\":\"2023\",\"Género\":\"Mujeres\",\"Rango_etario\":\"05-40-49 años\",\"Cantidad\":-1235,\"Porcentaje\":-4.8963},{\"Año\":\"2023\",\"Género\":\"Varones\",\"Rango_etario\":\"05-40-49 años\",\"Cantidad\":3376,\"Porcentaje\":13.3846},{\"Año\":\"2024\",\"Género\":\"Mujeres\",\"Rango_etario\":\"05-40-49 años\",\"Cantidad\":-1193,\"Porcentaje\":-5.7929},{\"Año\":\"2024\",\"Género\":\"Varones\",\"Rango_etario\":\"05-40-49 años\",\"Cantidad\":2621,\"Porcentaje\":12.727},{\"Año\":\"TODOS\",\"Género\":\"Mujeres\",\"Rango_etario\":\"05-40-49 años\",\"Cantidad\":-6163,\"Porcentaje\":-5.3904},{\"Año\":\"TODOS\",\"Género\":\"Varones\",\"Rango_etario\":\"05-40-49 años\",\"Cantidad\":14760,\"Porcentaje\":12.9097},{\"Año\":\"2020\",\"Género\":\"Mujeres\",\"Rango_etario\":\"04-30-39 años\",\"Cantidad\":-1718,\"Porcentaje\":-8.7792},{\"Año\":\"2020\",\"Género\":\"Varones\",\"Rango_etario\":\"04-30-39 años\",\"Cantidad\":4231,\"Porcentaje\":21.6209},{\"Año\":\"2021\",\"Género\":\"Mujeres\",\"Rango_etario\":\"04-30-39 años\",\"Cantidad\":-2339,\"Porcentaje\":-9.5959},{\"Año\":\"2021\",\"Género\":\"Varones\",\"Rango_etario\":\"04-30-39 años\",\"Cantidad\":5252,\"Porcentaje\":21.5467},{\"Año\":\"2022\",\"Género\":\"Mujeres\",\"Rango_etario\":\"04-30-39 años\",\"Cantidad\":-2304,\"Porcentaje\":-9.3765},{\"Año\":\"2022\",\"Género\":\"Varones\",\"Rango_etario\":\"04-30-39 años\",\"Cantidad\":5315,\"Porcentaje\":21.6303},{\"Año\":\"2023\",\"Género\":\"Mujeres\",\"Rango_etario\":\"04-30-39 años\",\"Cantidad\":-2544,\"Porcentaje\":-10.086},{\"Año\":\"2023\",\"Género\":\"Varones\",\"Rango_etario\":\"04-30-39 años\",\"Cantidad\":5618,\"Porcentaje\":22.2733},{\"Año\":\"2024\",\"Género\":\"Mujeres\",\"Rango_etario\":\"04-30-39 años\",\"Cantidad\":-2161,\"Porcentaje\":-10.4933},{\"Año\":\"2024\",\"Género\":\"Varones\",\"Rango_etario\":\"04-30-39 años\",\"Cantidad\":4608,\"Porcentaje\":22.3754},{\"Año\":\"TODOS\",\"Género\":\"Mujeres\",\"Rango_etario\":\"04-30-39 años\",\"Cantidad\":-11066,\"Porcentaje\":-9.6787},{\"Año\":\"TODOS\",\"Género\":\"Varones\",\"Rango_etario\":\"04-30-39 años\",\"Cantidad\":25024,\"Porcentaje\":21.8869},{\"Año\":\"2020\",\"Género\":\"Mujeres\",\"Rango_etario\":\"03-22-29 años\",\"Cantidad\":-1734,\"Porcentaje\":-8.861},{\"Año\":\"2020\",\"Género\":\"Varones\",\"Rango_etario\":\"03-22-29 años\",\"Cantidad\":3906,\"Porcentaje\":19.9601},{\"Año\":\"2021\",\"Género\":\"Mujeres\",\"Rango_etario\":\"03-22-29 años\",\"Cantidad\":-2273,\"Porcentaje\":-9.3251},{\"Año\":\"2021\",\"Género\":\"Varones\",\"Rango_etario\":\"03-22-29 años\",\"Cantidad\":4565,\"Porcentaje\":18.7282},{\"Año\":\"2022\",\"Género\":\"Mujeres\",\"Rango_etario\":\"03-22-29 años\",\"Cantidad\":-2304,\"Porcentaje\":-9.3765},{\"Año\":\"2022\",\"Género\":\"Varones\",\"Rango_etario\":\"03-22-29 años\",\"Cantidad\":4643,\"Porcentaje\":18.8955},{\"Año\":\"2023\",\"Género\":\"Mujeres\",\"Rango_etario\":\"03-22-29 años\",\"Cantidad\":-2288,\"Porcentaje\":-9.0711},{\"Año\":\"2023\",\"Género\":\"Varones\",\"Rango_etario\":\"03-22-29 años\",\"Cantidad\":4931,\"Porcentaje\":19.5496},{\"Año\":\"2024\",\"Género\":\"Mujeres\",\"Rango_etario\":\"03-22-29 años\",\"Cantidad\":-1889,\"Porcentaje\":-9.1726},{\"Año\":\"2024\",\"Género\":\"Varones\",\"Rango_etario\":\"03-22-29 años\",\"Cantidad\":3800,\"Porcentaje\":18.452},{\"Año\":\"TODOS\",\"Género\":\"Mujeres\",\"Rango_etario\":\"03-22-29 años\",\"Cantidad\":-10488,\"Porcentaje\":-9.1732},{\"Año\":\"TODOS\",\"Género\":\"Varones\",\"Rango_etario\":\"03-22-29 años\",\"Cantidad\":21845,\"Porcentaje\":19.1065},{\"Año\":\"2020\",\"Género\":\"Mujeres\",\"Rango_etario\":\"02-18-21 años\",\"Cantidad\":-630,\"Porcentaje\":-3.2194},{\"Año\":\"2020\",\"Género\":\"Varones\",\"Rango_etario\":\"02-18-21 años\",\"Cantidad\":1385,\"Porcentaje\":7.0775},{\"Año\":\"2021\",\"Género\":\"Mujeres\",\"Rango_etario\":\"02-18-21 años\",\"Cantidad\":-632,\"Porcentaje\":-2.5928},{\"Año\":\"2021\",\"Género\":\"Varones\",\"Rango_etario\":\"02-18-21 años\",\"Cantidad\":1417,\"Porcentaje\":5.8133},{\"Año\":\"2022\",\"Género\":\"Mujeres\",\"Rango_etario\":\"02-18-21 años\",\"Cantidad\":-603,\"Porcentaje\":-2.454},{\"Año\":\"2022\",\"Género\":\"Varones\",\"Rango_etario\":\"02-18-21 años\",\"Cantidad\":1299,\"Porcentaje\":5.2865},{\"Año\":\"2023\",\"Género\":\"Mujeres\",\"Rango_etario\":\"02-18-21 años\",\"Cantidad\":-570,\"Porcentaje\":-2.2598},{\"Año\":\"2023\",\"Género\":\"Varones\",\"Rango_etario\":\"02-18-21 años\",\"Cantidad\":1290,\"Porcentaje\":5.1144},{\"Año\":\"2024\",\"Género\":\"Mujeres\",\"Rango_etario\":\"02-18-21 años\",\"Cantidad\":-352,\"Porcentaje\":-1.7092},{\"Año\":\"2024\",\"Género\":\"Varones\",\"Rango_etario\":\"02-18-21 años\",\"Cantidad\":895,\"Porcentaje\":4.3459},{\"Año\":\"TODOS\",\"Género\":\"Mujeres\",\"Rango_etario\":\"02-18-21 años\",\"Cantidad\":-2787,\"Porcentaje\":-2.4376},{\"Año\":\"TODOS\",\"Género\":\"Varones\",\"Rango_etario\":\"02-18-21 años\",\"Cantidad\":6286,\"Porcentaje\":5.498},{\"Año\":\"2020\",\"Género\":\"Mujeres\",\"Rango_etario\":\"01-0-17 años\",\"Cantidad\":-138,\"Porcentaje\":-0.7052},{\"Año\":\"2020\",\"Género\":\"Varones\",\"Rango_etario\":\"01-0-17 años\",\"Cantidad\":221,\"Porcentaje\":1.1293},{\"Año\":\"2021\",\"Género\":\"Mujeres\",\"Rango_etario\":\"01-0-17 años\",\"Cantidad\":-137,\"Porcentaje\":-0.5621},{\"Año\":\"2021\",\"Género\":\"Varones\",\"Rango_etario\":\"01-0-17 años\",\"Cantidad\":256,\"Porcentaje\":1.0503},{\"Año\":\"2022\",\"Género\":\"Mujeres\",\"Rango_etario\":\"01-0-17 años\",\"Cantidad\":-117,\"Porcentaje\":-0.4762},{\"Año\":\"2022\",\"Género\":\"Varones\",\"Rango_etario\":\"01-0-17 años\",\"Cantidad\":223,\"Porcentaje\":0.9075},{\"Año\":\"2023\",\"Género\":\"Mujeres\",\"Rango_etario\":\"01-0-17 años\",\"Cantidad\":-91,\"Porcentaje\":-0.3608},{\"Año\":\"2023\",\"Género\":\"Varones\",\"Rango_etario\":\"01-0-17 años\",\"Cantidad\":235,\"Porcentaje\":0.9317},{\"Año\":\"2024\",\"Género\":\"Mujeres\",\"Rango_etario\":\"01-0-17 años\",\"Cantidad\":-92,\"Porcentaje\":-0.4467},{\"Año\":\"2024\",\"Género\":\"Varones\",\"Rango_etario\":\"01-0-17 años\",\"Cantidad\":179,\"Porcentaje\":0.8692},{\"Año\":\"TODOS\",\"Género\":\"Mujeres\",\"Rango_etario\":\"01-0-17 años\",\"Cantidad\":-575,\"Porcentaje\":-0.5029},{\"Año\":\"TODOS\",\"Género\":\"Varones\",\"Rango_etario\":\"01-0-17 años\",\"Cantidad\":1114,\"Porcentaje\":0.9743}]"]
