["[{\"Año\":\"2020\",\"Género\":\"Varones\",\"Cantidad\":13846,\"Porcentaje\":70.7548},{\"Año\":\"2023\",\"Género\":\"Varones\",\"Cantidad\":25812,\"Porcentaje\":66.7891},{\"Año\":\"TODOS\",\"Género\":\"Varones\",\"Cantidad\":112524,\"Porcentaje\":66.6682},{\"Año\":\"2022\",\"Género\":\"Varones\",\"Cantidad\":24342,\"Porcentaje\":66.4937},{\"Año\":\"2024\",\"Género\":\"Varones\",\"Cantidad\":23790,\"Porcentaje\":66.021},{\"Año\":\"2021\",\"Género\":\"Varones\",\"Cantidad\":24734,\"Porcentaje\":65.2199},{\"Año\":\"2021\",\"Género\":\"Mujeres\",\"Cantidad\":13190,\"Porcentaje\":34.7801},{\"Año\":\"2024\",\"Género\":\"Mujeres\",\"Cantidad\":12244,\"Porcentaje\":33.979},{\"Año\":\"2022\",\"Género\":\"Mujeres\",\"Cantidad\":12266,\"Porcentaje\":33.5063},{\"Año\":\"TODOS\",\"Género\":\"Mujeres\",\"Cantidad\":56258,\"Porcentaje\":33.3318},{\"Año\":\"2023\",\"Género\":\"Mujeres\",\"Cantidad\":12835,\"Porcentaje\":33.2109},{\"Año\":\"2020\",\"Género\":\"Mujeres\",\"Cantidad\":5723,\"Porcentaje\":29.2452}]"]
