["[{\"Año\":\"2024\",\"Vínculo\":\"Ex pareja\",\"Cantidad\":8692,\"Porcentaje\":24.5232},{\"Año\":\"TODOS\",\"Vínculo\":\"Ex pareja\",\"Cantidad\":8692,\"Porcentaje\":24.5232},{\"Año\":\"2024\",\"Vínculo\":\"Otro\",\"Cantidad\":4828,\"Porcentaje\":13.6215},{\"Año\":\"TODOS\",\"Vínculo\":\"Otro\",\"Cantidad\":4828,\"Porcentaje\":13.6215},{\"Año\":\"2024\",\"Vínculo\":\"Pareja/Ex pareja\",\"Cantidad\":4318,\"Porcentaje\":12.1826},{\"Año\":\"TODOS\",\"Vínculo\":\"Pareja/Ex pareja\",\"Cantidad\":4318,\"Porcentaje\":12.1826},{\"Año\":\"2024\",\"Vínculo\":\"Hijo/a\",\"Cantidad\":3958,\"Porcentaje\":11.1669},{\"Año\":\"TODOS\",\"Vínculo\":\"Hijo/a\",\"Cantidad\":3958,\"Porcentaje\":11.1669},{\"Año\":\"2024\",\"Vínculo\":\"Pareja\",\"Cantidad\":2151,\"Porcentaje\":6.0687},{\"Año\":\"TODOS\",\"Vínculo\":\"Pareja\",\"Cantidad\":2151,\"Porcentaje\":6.0687},{\"Año\":\"2024\",\"Vínculo\":\"Acoso callejero\",\"Cantidad\":2071,\"Porcentaje\":5.843},{\"Año\":\"TODOS\",\"Vínculo\":\"Acoso callejero\",\"Cantidad\":2071,\"Porcentaje\":5.843},{\"Año\":\"2024\",\"Vínculo\":\"Familiar\",\"Cantidad\":2006,\"Porcentaje\":5.6596},{\"Año\":\"TODOS\",\"Vínculo\":\"Familiar\",\"Cantidad\":2006,\"Porcentaje\":5.6596},{\"Año\":\"2024\",\"Vínculo\":\"Hermano/a\",\"Cantidad\":1835,\"Porcentaje\":5.1772},{\"Año\":\"TODOS\",\"Vínculo\":\"Hermano/a\",\"Cantidad\":1835,\"Porcentaje\":5.1772},{\"Año\":\"2024\",\"Vínculo\":\"Ninguno\",\"Cantidad\":1613,\"Porcentaje\":4.5508},{\"Año\":\"TODOS\",\"Vínculo\":\"Ninguno\",\"Cantidad\":1613,\"Porcentaje\":4.5508},{\"Año\":\"2024\",\"Vínculo\":\"Madre\",\"Cantidad\":1539,\"Porcentaje\":4.3421},{\"Año\":\"TODOS\",\"Vínculo\":\"Madre\",\"Cantidad\":1539,\"Porcentaje\":4.3421},{\"Año\":\"2024\",\"Vínculo\":\"Conviviente\",\"Cantidad\":562,\"Porcentaje\":1.5856},{\"Año\":\"TODOS\",\"Vínculo\":\"Conviviente\",\"Cantidad\":562,\"Porcentaje\":1.5856},{\"Año\":\"2024\",\"Vínculo\":\"Sobrino/a\",\"Cantidad\":519,\"Porcentaje\":1.4643},{\"Año\":\"TODOS\",\"Vínculo\":\"Sobrino/a\",\"Cantidad\":519,\"Porcentaje\":1.4643},{\"Año\":\"2024\",\"Vínculo\":\"Cuñada/o\",\"Cantidad\":515,\"Porcentaje\":1.453},{\"Año\":\"TODOS\",\"Vínculo\":\"Cuñada/o\",\"Cantidad\":515,\"Porcentaje\":1.453},{\"Año\":\"2024\",\"Vínculo\":\"Padre\",\"Cantidad\":424,\"Porcentaje\":1.1963},{\"Año\":\"TODOS\",\"Vínculo\":\"Padre\",\"Cantidad\":424,\"Porcentaje\":1.1963},{\"Año\":\"2024\",\"Vínculo\":\"Persona en urgencia\",\"Cantidad\":413,\"Porcentaje\":1.1652},{\"Año\":\"TODOS\",\"Vínculo\":\"Persona en urgencia\",\"Cantidad\":413,\"Porcentaje\":1.1652}]"]
