["[{\"Año\":\"2020\",\"Tipo\":\"Psicológica\",\"Cantidad\":19235,\"Porcentaje\":56.4457},{\"Año\":\"2020\",\"Tipo\":\"Física\",\"Cantidad\":9735,\"Porcentaje\":28.5677},{\"Año\":\"2020\",\"Tipo\":\"Simbólica\",\"Cantidad\":3639,\"Porcentaje\":10.6788},{\"Año\":\"2020\",\"Tipo\":\"Económica/Patrimonial\",\"Cantidad\":876,\"Porcentaje\":2.5706},{\"Año\":\"2020\",\"Tipo\":\"Sexual\",\"Cantidad\":589,\"Porcentaje\":1.7284},{\"Año\":\"2020\",\"Tipo\":\"Otros\",\"Cantidad\":3,\"Porcentaje\":0.0088},{\"Año\":\"2021\",\"Tipo\":\"Psicológica\",\"Cantidad\":23927,\"Porcentaje\":61.1709},{\"Año\":\"2021\",\"Tipo\":\"Física\",\"Cantidad\":10282,\"Porcentaje\":26.2866},{\"Año\":\"2021\",\"Tipo\":\"Simbólica\",\"Cantidad\":3087,\"Porcentaje\":7.8921},{\"Año\":\"2021\",\"Tipo\":\"Económica/Patrimonial\",\"Cantidad\":949,\"Porcentaje\":2.4262},{\"Año\":\"2021\",\"Tipo\":\"Sexual\",\"Cantidad\":870,\"Porcentaje\":2.2242},{\"Año\":\"2021\",\"Tipo\":\"Otros\",\"Cantidad\":0,\"Porcentaje\":0},{\"Año\":\"2022\",\"Tipo\":\"Psicológica\",\"Cantidad\":23010,\"Porcentaje\":62.6685},{\"Año\":\"2022\",\"Tipo\":\"Física\",\"Cantidad\":10085,\"Porcentaje\":27.4668},{\"Año\":\"2022\",\"Tipo\":\"Económica/Patrimonial\",\"Cantidad\":1405,\"Porcentaje\":3.8266},{\"Año\":\"2022\",\"Tipo\":\"Simbólica\",\"Cantidad\":1397,\"Porcentaje\":3.8048},{\"Año\":\"2022\",\"Tipo\":\"Sexual\",\"Cantidad\":815,\"Porcentaje\":2.2197},{\"Año\":\"2022\",\"Tipo\":\"Otros\",\"Cantidad\":5,\"Porcentaje\":0.0136},{\"Año\":\"2023\",\"Tipo\":\"Psicológica\",\"Cantidad\":24193,\"Porcentaje\":61.53},{\"Año\":\"2023\",\"Tipo\":\"Física\",\"Cantidad\":10873,\"Porcentaje\":27.6533},{\"Año\":\"2023\",\"Tipo\":\"Simbólica\",\"Cantidad\":1840,\"Porcentaje\":4.6797},{\"Año\":\"2023\",\"Tipo\":\"Económica/Patrimonial\",\"Cantidad\":1550,\"Porcentaje\":3.9421},{\"Año\":\"2023\",\"Tipo\":\"Sexual\",\"Cantidad\":863,\"Porcentaje\":2.1949},{\"Año\":\"2024\",\"Tipo\":\"Psicológica\",\"Cantidad\":17501,\"Porcentaje\":61.2887},{\"Año\":\"2024\",\"Tipo\":\"Física\",\"Cantidad\":7554,\"Porcentaje\":26.4542},{\"Año\":\"2024\",\"Tipo\":\"Simbólica\",\"Cantidad\":1788,\"Porcentaje\":6.2616},{\"Año\":\"2024\",\"Tipo\":\"Económica/Patrimonial\",\"Cantidad\":1077,\"Porcentaje\":3.7717},{\"Año\":\"2024\",\"Tipo\":\"Sexual\",\"Cantidad\":635,\"Porcentaje\":2.2238},{\"Año\":\"TODOS\",\"Tipo\":\"Psicológica\",\"Cantidad\":107866,\"Porcentaje\":60.6728},{\"Año\":\"TODOS\",\"Tipo\":\"Física\",\"Cantidad\":48529,\"Porcentaje\":27.2968},{\"Año\":\"TODOS\",\"Tipo\":\"Simbólica\",\"Cantidad\":11751,\"Porcentaje\":6.6097},{\"Año\":\"TODOS\",\"Tipo\":\"Económica/Patrimonial\",\"Cantidad\":5857,\"Porcentaje\":3.2945},{\"Año\":\"TODOS\",\"Tipo\":\"Sexual\",\"Cantidad\":3772,\"Porcentaje\":2.1217},{\"Año\":\"TODOS\",\"Tipo\":\"Otros\",\"Cantidad\":8,\"Porcentaje\":0.0045}]"]
