["[{\"Año\":\"2022\",\"Género\":\"Mujeres\",\"Cantidad\":25523,\"Porcentaje\":74.212},{\"Año\":\"2023\",\"Género\":\"Mujeres\",\"Cantidad\":26836,\"Porcentaje\":74.19},{\"Año\":\"2020\",\"Género\":\"Mujeres\",\"Cantidad\":21061,\"Porcentaje\":73.694},{\"Año\":\"TODOS\",\"Género\":\"Mujeres\",\"Cantidad\":122225,\"Porcentaje\":73.3776},{\"Año\":\"2021\",\"Género\":\"Mujeres\",\"Cantidad\":25969,\"Porcentaje\":72.8668},{\"Año\":\"2024\",\"Género\":\"Mujeres\",\"Cantidad\":22836,\"Porcentaje\":71.8384},{\"Año\":\"2024\",\"Género\":\"Varones\",\"Cantidad\":8952,\"Porcentaje\":28.1616},{\"Año\":\"2021\",\"Género\":\"Varones\",\"Cantidad\":9670,\"Porcentaje\":27.1332},{\"Año\":\"TODOS\",\"Género\":\"Varones\",\"Cantidad\":44345,\"Porcentaje\":26.6224},{\"Año\":\"2020\",\"Género\":\"Varones\",\"Cantidad\":7518,\"Porcentaje\":26.306},{\"Año\":\"2023\",\"Género\":\"Varones\",\"Cantidad\":9336,\"Porcentaje\":25.81},{\"Año\":\"2022\",\"Género\":\"Varones\",\"Cantidad\":8869,\"Porcentaje\":25.788}]"]
