["[{\"Año\":\"2020\",\"Modalidad\":\"Doméstica\",\"Cantidad\":11798,\"Porcentaje\":98.6125},{\"Año\":\"2020\",\"Modalidad\":\"Acoso callejero\",\"Cantidad\":87,\"Porcentaje\":0.7272},{\"Año\":\"2020\",\"Modalidad\":\"Laboral\",\"Cantidad\":45,\"Porcentaje\":0.3761},{\"Año\":\"2020\",\"Modalidad\":\"Mediática\",\"Cantidad\":23,\"Porcentaje\":0.1922},{\"Año\":\"2020\",\"Modalidad\":\"Institucional\",\"Cantidad\":8,\"Porcentaje\":0.0669},{\"Año\":\"2020\",\"Modalidad\":\"Obstétrica\",\"Cantidad\":3,\"Porcentaje\":0.0251},{\"Año\":\"2020\",\"Modalidad\":\"Otras\",\"Cantidad\":0,\"Porcentaje\":0},{\"Año\":\"2020\",\"Modalidad\":\"Política\",\"Cantidad\":0,\"Porcentaje\":0},{\"Año\":\"2021\",\"Modalidad\":\"Doméstica\",\"Cantidad\":14055,\"Porcentaje\":98.5624},{\"Año\":\"2021\",\"Modalidad\":\"Otras\",\"Cantidad\":82,\"Porcentaje\":0.575},{\"Año\":\"2021\",\"Modalidad\":\"Laboral\",\"Cantidad\":45,\"Porcentaje\":0.3156},{\"Año\":\"2021\",\"Modalidad\":\"Acoso callejero\",\"Cantidad\":41,\"Porcentaje\":0.2875},{\"Año\":\"2021\",\"Modalidad\":\"Institucional\",\"Cantidad\":18,\"Porcentaje\":0.1262},{\"Año\":\"2021\",\"Modalidad\":\"Mediática\",\"Cantidad\":14,\"Porcentaje\":0.0982},{\"Año\":\"2021\",\"Modalidad\":\"Obstétrica\",\"Cantidad\":3,\"Porcentaje\":0.021},{\"Año\":\"2021\",\"Modalidad\":\"Política\",\"Cantidad\":2,\"Porcentaje\":0.014},{\"Año\":\"2022\",\"Modalidad\":\"Doméstica\",\"Cantidad\":13984,\"Porcentaje\":98.2505},{\"Año\":\"2022\",\"Modalidad\":\"Otras\",\"Cantidad\":110,\"Porcentaje\":0.7729},{\"Año\":\"2022\",\"Modalidad\":\"Laboral\",\"Cantidad\":62,\"Porcentaje\":0.4356},{\"Año\":\"2022\",\"Modalidad\":\"Acoso callejero\",\"Cantidad\":40,\"Porcentaje\":0.281},{\"Año\":\"2022\",\"Modalidad\":\"Institucional\",\"Cantidad\":22,\"Porcentaje\":0.1546},{\"Año\":\"2022\",\"Modalidad\":\"Mediática\",\"Cantidad\":8,\"Porcentaje\":0.0562},{\"Año\":\"2022\",\"Modalidad\":\"Política\",\"Cantidad\":5,\"Porcentaje\":0.0351},{\"Año\":\"2022\",\"Modalidad\":\"Obstétrica\",\"Cantidad\":2,\"Porcentaje\":0.0141},{\"Año\":\"2023\",\"Modalidad\":\"Doméstica\",\"Cantidad\":13128,\"Porcentaje\":97.6205},{\"Año\":\"2023\",\"Modalidad\":\"Otras\",\"Cantidad\":189,\"Porcentaje\":1.4054},{\"Año\":\"2023\",\"Modalidad\":\"Laboral\",\"Cantidad\":64,\"Porcentaje\":0.4759},{\"Año\":\"2023\",\"Modalidad\":\"Acoso callejero\",\"Cantidad\":41,\"Porcentaje\":0.3049},{\"Año\":\"2023\",\"Modalidad\":\"Institucional\",\"Cantidad\":14,\"Porcentaje\":0.1041},{\"Año\":\"2023\",\"Modalidad\":\"Mediática\",\"Cantidad\":7,\"Porcentaje\":0.0521},{\"Año\":\"2023\",\"Modalidad\":\"Política\",\"Cantidad\":4,\"Porcentaje\":0.0297},{\"Año\":\"2023\",\"Modalidad\":\"Obstétrica\",\"Cantidad\":1,\"Porcentaje\":0.0074},{\"Año\":\"2024\",\"Modalidad\":\"Doméstica\",\"Cantidad\":8807,\"Porcentaje\":95.6036},{\"Año\":\"2024\",\"Modalidad\":\"Otras\",\"Cantidad\":270,\"Porcentaje\":2.931},{\"Año\":\"2024\",\"Modalidad\":\"Acoso callejero\",\"Cantidad\":49,\"Porcentaje\":0.5319},{\"Año\":\"2024\",\"Modalidad\":\"Laboral\",\"Cantidad\":45,\"Porcentaje\":0.4885},{\"Año\":\"2024\",\"Modalidad\":\"Institucional\",\"Cantidad\":22,\"Porcentaje\":0.2388},{\"Año\":\"2024\",\"Modalidad\":\"Mediática\",\"Cantidad\":10,\"Porcentaje\":0.1086},{\"Año\":\"2024\",\"Modalidad\":\"Política\",\"Cantidad\":8,\"Porcentaje\":0.0868},{\"Año\":\"2024\",\"Modalidad\":\"Obstétrica\",\"Cantidad\":1,\"Porcentaje\":0.0109},{\"Año\":\"TODOS\",\"Modalidad\":\"Doméstica\",\"Cantidad\":61772,\"Porcentaje\":97.869},{\"Año\":\"TODOS\",\"Modalidad\":\"Otras\",\"Cantidad\":651,\"Porcentaje\":1.0314},{\"Año\":\"TODOS\",\"Modalidad\":\"Laboral\",\"Cantidad\":261,\"Porcentaje\":0.4135},{\"Año\":\"TODOS\",\"Modalidad\":\"Acoso callejero\",\"Cantidad\":258,\"Porcentaje\":0.4088},{\"Año\":\"TODOS\",\"Modalidad\":\"Institucional\",\"Cantidad\":84,\"Porcentaje\":0.1331},{\"Año\":\"TODOS\",\"Modalidad\":\"Mediática\",\"Cantidad\":62,\"Porcentaje\":0.0982},{\"Año\":\"TODOS\",\"Modalidad\":\"Política\",\"Cantidad\":19,\"Porcentaje\":0.0301},{\"Año\":\"TODOS\",\"Modalidad\":\"Obstétrica\",\"Cantidad\":10,\"Porcentaje\":0.0158}]"]
