["[{\"Año\":\"2020\",\"Estado\":\"Tienen la carátula provisoria de femicidio\",\"Cantidad\":11},{\"Año\":\"2020\",\"Estado\":\"Femicidio vinculado\",\"Cantidad\":1},{\"Año\":\"2020\",\"Estado\":\"Sin actuación\",\"Cantidad\":2},{\"Año\":\"2021\",\"Estado\":\"Tienen la carátula provisoria de femicidio\",\"Cantidad\":12},{\"Año\":\"2021\",\"Estado\":\"Se encuentran en etapa de investigación\",\"Cantidad\":2},{\"Año\":\"2022\",\"Estado\":\"Tienen la carátula provisoria de femicidio\",\"Cantidad\":11},{\"Año\":\"2023\",\"Estado\":\"Tienen la carátula provisoria de femicidio\",\"Cantidad\":11},{\"Año\":\"2023\",\"Estado\":\"Femicidio vinculado\",\"Cantidad\":1},{\"Año\":\"2023\",\"Estado\":\"Se encuentran en etapa de investigación\",\"Cantidad\":23},{\"Año\":\"2024\",\"Estado\":\"Tienen la carátula provisoria de femicidio\",\"Cantidad\":7},{\"Año\":\"2024\",\"Estado\":\"Se encuentran en etapa de investigación\",\"Cantidad\":15}]"]
