["[{\"Año\":\"2020\",\"Rango_etario\":\"Menos de 18 años\",\"Cantidad\":1,\"Ord_rango_etario\":1},{\"Año\":\"2021\",\"Rango_etario\":\"Menos de 18 años\",\"Cantidad\":2,\"Ord_rango_etario\":1},{\"Año\":\"2022\",\"Rango_etario\":\"Menos de 18 años\",\"Cantidad\":2,\"Ord_rango_etario\":1},{\"Año\":\"2023\",\"Rango_etario\":\"Menos de 18 años\",\"Cantidad\":3,\"Ord_rango_etario\":1},{\"Año\":\"2020\",\"Rango_etario\":\"18-29 años\",\"Cantidad\":2,\"Ord_rango_etario\":2},{\"Año\":\"2021\",\"Rango_etario\":\"18-29 años\",\"Cantidad\":3,\"Ord_rango_etario\":2},{\"Año\":\"2022\",\"Rango_etario\":\"18-29 años\",\"Cantidad\":2,\"Ord_rango_etario\":2},{\"Año\":\"2023\",\"Rango_etario\":\"18-29 años\",\"Cantidad\":3,\"Ord_rango_etario\":2},{\"Año\":\"2024\",\"Rango_etario\":\"18-29 años\",\"Cantidad\":2,\"Ord_rango_etario\":2},{\"Año\":\"2020\",\"Rango_etario\":\"30-39 años\",\"Cantidad\":4,\"Ord_rango_etario\":3},{\"Año\":\"2021\",\"Rango_etario\":\"30-39 años\",\"Cantidad\":3,\"Ord_rango_etario\":3},{\"Año\":\"2022\",\"Rango_etario\":\"30-39 años\",\"Cantidad\":5,\"Ord_rango_etario\":3},{\"Año\":\"2023\",\"Rango_etario\":\"30-39 años\",\"Cantidad\":4,\"Ord_rango_etario\":3},{\"Año\":\"2024\",\"Rango_etario\":\"30-39 años\",\"Cantidad\":1,\"Ord_rango_etario\":3},{\"Año\":\"2020\",\"Rango_etario\":\"40-49 años\",\"Cantidad\":2,\"Ord_rango_etario\":4},{\"Año\":\"2021\",\"Rango_etario\":\"40-49 años\",\"Cantidad\":3,\"Ord_rango_etario\":4},{\"Año\":\"2022\",\"Rango_etario\":\"40-49 años\",\"Cantidad\":1,\"Ord_rango_etario\":4},{\"Año\":\"2023\",\"Rango_etario\":\"40-49 años\",\"Cantidad\":1,\"Ord_rango_etario\":4},{\"Año\":\"2024\",\"Rango_etario\":\"40-49 años\",\"Cantidad\":1,\"Ord_rango_etario\":4},{\"Año\":\"2020\",\"Rango_etario\":\"50 años o más\",\"Cantidad\":2,\"Ord_rango_etario\":5},{\"Año\":\"2021\",\"Rango_etario\":\"50 años o más\",\"Cantidad\":1,\"Ord_rango_etario\":5},{\"Año\":\"2023\",\"Rango_etario\":\"50 años o más\",\"Cantidad\":1,\"Ord_rango_etario\":5},{\"Año\":\"2024\",\"Rango_etario\":\"50 años o más\",\"Cantidad\":3,\"Ord_rango_etario\":5},{\"Año\":\"2022\",\"Rango_etario\":\"Sin dato\",\"Cantidad\":1,\"Ord_rango_etario\":6}]"]
