["[{\"Año\":\"2021\",\"Hijos\":\"1 hija/o\",\"Cantidad\":5},{\"Año\":\"2022\",\"Hijos\":\"1 hija/o\",\"Cantidad\":1},{\"Año\":\"2023\",\"Hijos\":\"1 hija/o\",\"Cantidad\":1},{\"Año\":\"2024\",\"Hijos\":\"1 hija/o\",\"Cantidad\":2},{\"Año\":\"2022\",\"Hijos\":\"2 hijas/os\",\"Cantidad\":2},{\"Año\":\"2023\",\"Hijos\":\"2 hijas/os\",\"Cantidad\":1},{\"Año\":\"2021\",\"Hijos\":\"3 hijas/os\",\"Cantidad\":1},{\"Año\":\"2022\",\"Hijos\":\"3 hijas/os\",\"Cantidad\":2},{\"Año\":\"2023\",\"Hijos\":\"3 hijas/os\",\"Cantidad\":1},{\"Año\":\"2021\",\"Hijos\":\"4 hijas/os\",\"Cantidad\":1},{\"Año\":\"2023\",\"Hijos\":\"4 hijas/os\",\"Cantidad\":1},{\"Año\":\"2021\",\"Hijos\":\"5 hijas/os\",\"Cantidad\":1},{\"Año\":\"2020\",\"Hijos\":\"No informa\",\"Cantidad\":11},{\"Año\":\"2021\",\"Hijos\":\"No informa\",\"Cantidad\":2},{\"Año\":\"2022\",\"Hijos\":\"No informa\",\"Cantidad\":1},{\"Año\":\"2023\",\"Hijos\":\"No informa\",\"Cantidad\":6},{\"Año\":\"2024\",\"Hijos\":\"No informa\",\"Cantidad\":5},{\"Año\":\"2021\",\"Hijos\":\"Sin hijas/os\",\"Cantidad\":2},{\"Año\":\"2022\",\"Hijos\":\"Sin hijas/os\",\"Cantidad\":5},{\"Año\":\"2023\",\"Hijos\":\"Sin hijas/os\",\"Cantidad\":2}]"]
