["[{\"Año\":\"2021\",\"Vinculo\":\"Ex pareja\",\"Cantidad\":8},{\"Año\":\"2022\",\"Vinculo\":\"Pareja\",\"Cantidad\":6},{\"Año\":\"2023\",\"Vinculo\":\"Pareja\",\"Cantidad\":4},{\"Año\":\"2023\",\"Vinculo\":\"Sin dato\",\"Cantidad\":4},{\"Año\":\"2020\",\"Vinculo\":\"Pareja\",\"Cantidad\":3},{\"Año\":\"2021\",\"Vinculo\":\"Pareja\",\"Cantidad\":3},{\"Año\":\"2024\",\"Vinculo\":\"Pareja\",\"Cantidad\":3},{\"Año\":\"2020\",\"Vinculo\":\"Ex pareja\",\"Cantidad\":2},{\"Año\":\"2020\",\"Vinculo\":\"Familiar\",\"Cantidad\":2},{\"Año\":\"2020\",\"Vinculo\":\"Sin dato\",\"Cantidad\":2},{\"Año\":\"2020\",\"Vinculo\":\"Sin vínculo\",\"Cantidad\":2},{\"Año\":\"2021\",\"Vinculo\":\"Conocidos\",\"Cantidad\":1},{\"Año\":\"2022\",\"Vinculo\":\"Conocidos\",\"Cantidad\":1},{\"Año\":\"2022\",\"Vinculo\":\"Ex pareja\",\"Cantidad\":1},{\"Año\":\"2022\",\"Vinculo\":\"Otro\",\"Cantidad\":1},{\"Año\":\"2022\",\"Vinculo\":\"Sin dato\",\"Cantidad\":1},{\"Año\":\"2022\",\"Vinculo\":\"Sin vínculo\",\"Cantidad\":1},{\"Año\":\"2023\",\"Vinculo\":\"Conocidos\",\"Cantidad\":1},{\"Año\":\"2023\",\"Vinculo\":\"Ex pareja\",\"Cantidad\":1},{\"Año\":\"2023\",\"Vinculo\":\"Familiar\",\"Cantidad\":1},{\"Año\":\"2023\",\"Vinculo\":\"Sin vínculo\",\"Cantidad\":1},{\"Año\":\"2024\",\"Vinculo\":\"Ex pareja\",\"Cantidad\":1},{\"Año\":\"2024\",\"Vinculo\":\"Familiar afín\",\"Cantidad\":1},{\"Año\":\"2024\",\"Vinculo\":\"Sin dato\",\"Cantidad\":1},{\"Año\":\"2024\",\"Vinculo\":\"Sin vínculo\",\"Cantidad\":1}]"]
