["[{\"Año\":\"2022\",\"Lugar_del_hecho\":\"En contexto de encierro\",\"Cantidad\":1},{\"Año\":\"2021\",\"Lugar_del_hecho\":\"Lugar de trabajo\",\"Cantidad\":2},{\"Año\":\"2020\",\"Lugar_del_hecho\":\"Sin dato\",\"Cantidad\":1},{\"Año\":\"2020\",\"Lugar_del_hecho\":\"Vivienda\",\"Cantidad\":5},{\"Año\":\"2021\",\"Lugar_del_hecho\":\"Vivienda\",\"Cantidad\":4},{\"Año\":\"2022\",\"Lugar_del_hecho\":\"Vivienda\",\"Cantidad\":5},{\"Año\":\"2023\",\"Lugar_del_hecho\":\"Vivienda\",\"Cantidad\":9},{\"Año\":\"2024\",\"Lugar_del_hecho\":\"Vivienda\",\"Cantidad\":5},{\"Año\":\"2020\",\"Lugar_del_hecho\":\"Vía pública\",\"Cantidad\":5},{\"Año\":\"2021\",\"Lugar_del_hecho\":\"Vía pública\",\"Cantidad\":6},{\"Año\":\"2022\",\"Lugar_del_hecho\":\"Vía pública\",\"Cantidad\":5},{\"Año\":\"2023\",\"Lugar_del_hecho\":\"Vía pública\",\"Cantidad\":3},{\"Año\":\"2024\",\"Lugar_del_hecho\":\"Vía pública\",\"Cantidad\":2}]"]
