["[{\"Año\":\"2020\",\"Medio_utilizado\":\"Ahorcamiento\",\"Cantidad\":1},{\"Año\":\"2022\",\"Medio_utilizado\":\"Ahorcamiento\",\"Cantidad\":1},{\"Año\":\"2023\",\"Medio_utilizado\":\"Ahorcamiento\",\"Cantidad\":2},{\"Año\":\"2024\",\"Medio_utilizado\":\"Ahorcamiento\",\"Cantidad\":1},{\"Año\":\"2020\",\"Medio_utilizado\":\"Arma blanca\",\"Cantidad\":3},{\"Año\":\"2021\",\"Medio_utilizado\":\"Arma blanca\",\"Cantidad\":9},{\"Año\":\"2022\",\"Medio_utilizado\":\"Arma blanca\",\"Cantidad\":4},{\"Año\":\"2023\",\"Medio_utilizado\":\"Arma blanca\",\"Cantidad\":6},{\"Año\":\"2024\",\"Medio_utilizado\":\"Arma blanca\",\"Cantidad\":4},{\"Año\":\"2020\",\"Medio_utilizado\":\"Arma de fuego\",\"Cantidad\":1},{\"Año\":\"2021\",\"Medio_utilizado\":\"Arma de fuego\",\"Cantidad\":1},{\"Año\":\"2024\",\"Medio_utilizado\":\"Arma de fuego\",\"Cantidad\":2},{\"Año\":\"2020\",\"Medio_utilizado\":\"Lesiones\",\"Cantidad\":3},{\"Año\":\"2021\",\"Medio_utilizado\":\"Lesiones\",\"Cantidad\":2},{\"Año\":\"2022\",\"Medio_utilizado\":\"Lesiones\",\"Cantidad\":4},{\"Año\":\"2023\",\"Medio_utilizado\":\"Lesiones\",\"Cantidad\":2},{\"Año\":\"2020\",\"Medio_utilizado\":\"Sin dato\",\"Cantidad\":3},{\"Año\":\"2022\",\"Medio_utilizado\":\"Sin dato\",\"Cantidad\":2},{\"Año\":\"2023\",\"Medio_utilizado\":\"Sin dato\",\"Cantidad\":1},{\"Año\":\"2023\",\"Medio_utilizado\":\"Violencia sexual\",\"Cantidad\":1}]"]
