["[{\"Año\":2020,\"Trimestre\":1,\"Cantidad\":7289,\"year_trimestre\":\"1-20\"},{\"Año\":2020,\"Trimestre\":2,\"Cantidad\":6305,\"year_trimestre\":\"2-20\"},{\"Año\":2020,\"Trimestre\":3,\"Cantidad\":6119,\"year_trimestre\":\"3-20\"},{\"Año\":2020,\"Trimestre\":4,\"Cantidad\":8145,\"year_trimestre\":\"4-20\"},{\"Año\":2021,\"Trimestre\":1,\"Cantidad\":8806,\"year_trimestre\":\"1-21\"},{\"Año\":2021,\"Trimestre\":2,\"Cantidad\":7297,\"year_trimestre\":\"2-21\"},{\"Año\":2021,\"Trimestre\":3,\"Cantidad\":8235,\"year_trimestre\":\"3-21\"},{\"Año\":2021,\"Trimestre\":4,\"Cantidad\":9694,\"year_trimestre\":\"4-21\"},{\"Año\":2022,\"Trimestre\":1,\"Cantidad\":8565,\"year_trimestre\":\"1-22\"},{\"Año\":2022,\"Trimestre\":2,\"Cantidad\":7762,\"year_trimestre\":\"2-22\"},{\"Año\":2022,\"Trimestre\":3,\"Cantidad\":8040,\"year_trimestre\":\"3-22\"},{\"Año\":2022,\"Trimestre\":4,\"Cantidad\":8702,\"year_trimestre\":\"4-22\"},{\"Año\":2023,\"Trimestre\":1,\"Cantidad\":8853,\"year_trimestre\":\"1-23\"},{\"Año\":2023,\"Trimestre\":2,\"Cantidad\":7830,\"year_trimestre\":\"2-23\"},{\"Año\":2023,\"Trimestre\":3,\"Cantidad\":7972,\"year_trimestre\":\"3-23\"},{\"Año\":2023,\"Trimestre\":4,\"Cantidad\":9314,\"year_trimestre\":\"4-23\"},{\"Año\":2024,\"Trimestre\":1,\"Cantidad\":9865,\"year_trimestre\":\"1-24\"},{\"Año\":2024,\"Trimestre\":2,\"Cantidad\":9026,\"year_trimestre\":\"2-24\"},{\"Año\":2024,\"Trimestre\":3,\"Cantidad\":9120,\"year_trimestre\":\"3-24\"}]"]
